{"cameraMode":{"drawMode":0,"name":"Shaded","section":"Shading Mode"},"sceneLighting":true,"audioPlay":false,"sceneViewState":{"m_AlwaysRefresh":false,"showFog":true,"showSkybox":true,"showFlares":true,"showImageEffects":true,"showParticleSystems":true,"showVisualEffectGraphs":true,"m_FxEnabled":true},"in2DMode":false,"pivot":{"x":244.0386199951172,"y":2.4597725868225099,"z":149.05763244628907},"rotation":{"x":0.11821957677602768,"y":-0.007447336800396442,"z":0.0008866635616868734,"w":0.9929595589637756},"size":9.376861572265625,"orthographic":true}